Model,Accuracy,F1_Score,ROC_AUC
Random Forest,0.9292929292929293,0.9465648854961832,0.9027075609482081
