MAR_Level,Missing_Values,Spearman_Correlation
5,146,1.0
10,248,1.0
20,432,0.9285714285714287
30,593,0.9285714285714287
40,744,0.9761904761904763
50,881,0.9285714285714287
60,1003,0.9285714285714287
70,1159,0.9285714285714287
80,1250,0.8095238095238096
