MAR_Level,Missing_Values,Accuracy,F1_Score,ROC_AUC
5,146,0.9242424242424242,0.9425287356321839,0.9027637344118639
10,248,0.9343434343434344,0.9501915708812261,0.9138299067520503
20,432,0.9242424242424242,0.9425287356321839,0.9195596000449386
30,593,0.9242424242424242,0.9425287356321839,0.9082125603864732
