Model,Accuracy,F1_Score,ROC_AUC
Logistic Regression,0.9191919191919192,0.9398496240601504,0.8986630715649927
