MAR_Level,Missing_Values,Spearman_Correlation
5,146,0.9761904761904763
10,248,1.0
20,432,0.9047619047619048
30,593,1.0
40,744,0.8571428571428572
50,881,0.6190476190476191
60,1003,0.5476190476190477
70,1159,0.5476190476190477
80,1250,0.5952380952380953
