MAR_Level,Missing_Values,Accuracy,F1_Score,ROC_AUC
5,146,0.9191919191919192,0.9398496240601504,0.901022357038535
10,248,0.9191919191919192,0.9398496240601504,0.9003482754746658
20,432,0.9191919191919192,0.9398496240601504,0.9029322548028311
30,593,0.9090909090909091,0.9323308270676691,0.8957420514548927
